MaxResAmp,MaxResFreq,SecMaxResAmp,SecMaxResFreq,TotalPhaseShift,Med10ResAmp,Med10ResFreq,MeanGDR,Damage
0.019718,0.0087618,1911,1411,4.02E+05,0.0085219,3759.5,0.090715,1
0.025403,0.006233,2508,1417,4.94E+05,0.0059039,4639,0.13731,1
0.027239,0.0040288,2544,1238,4.09E+05,0.0073204,2716,0.086917,1
0.0242,0.014557,2069,1336,4.18E+05,0.014241,2309.5,0.097226,1
0.033022,0.016232,2540,1300,4.92E+05,0.014364,3268.5,0.13348,0
0.0339,0.0054728,2542,1591,4.58E+05,0.0084966,2701,0.11597,0
0.032764,0.017414,2550,1364,4.53E+05,0.016285,2715,0.12549,1
0.030696,0.0033064,2555,1194,4.66E+05,0.0062687,2701,0.10923,0
0.040176,0.0064405,2501,1704,3.55E+05,0.0088623,2966.5,0.093268,0
0.04178,0.0023251,2562,1387,3.58E+05,0.0081856,2723,0.081475,0
0.024852,0.0067274,2512,1748,4.38E+05,0.0053943,3871.5,0.088196,0
0.035472,0.0034156,2557,1316,3.20E+05,0.0079041,2720.5,0.069429,1
0.030942,0.008126,2509,1712,3.41E+05,0.0074685,3510.5,0.070713,0
0.022438,0.003006,2534,1674,2.78E+05,0.0053049,2702,0.04842,0
0.030048,0.0079479,2484,1401,4.45E+05,0.0095444,2952,0.10408,0
0.029418,0.023788,2497,1377,4.30E+05,0.0090931,2666,0.11833,0
0.040218,0.011914,2518,1475,4.89E+05,0.01217,2661,0.1131,1
0.038906,0.0032963,2555,1907,3.08E+05,0.0077566,2712.5,0.076688,0
0.025197,0.0030524,2550,2365,3.61E+05,0.0029597,3096,0.081421,0
0.042409,0.0050282,2525,1924,4.51E+05,0.0052931,3146,0.11279,0
0.021605,0.0087415,2327,685,4.81E+05,0.0070915,2502,0.093133,1
0.045403,0.01983,2524,1276,3.53E+05,0.0159,2687,0.088462,1
0.050162,0.0069577,2463,2044,3.64E+05,0.0057547,3091.5,0.098153,0
0.047681,0.020423,2518,1290,4.22E+05,0.01372,2689.5,0.12409,1
0.059039,0.013747,2440,1337,3.79E+05,0.010489,2617.5,0.11933,1
0.035947,0.020272,2458,1332,5.20E+05,0.010498,2930.5,0.12949,1
0.054128,0.0052178,2468,2052,5.13E+05,0.009765,2939.5,0.15869,0
0.064137,0.0096101,2524,1270,4.64E+05,0.012415,2687.5,0.10387,0
0.04622,0.0031775,2507,2355,4.23E+05,0.0073787,2684,0.098474,1
0.054465,0.0031735,2510,1967,3.56E+05,0.0073145,2674.5,0.080714,1
0.039454,0.0058498,2465,1280,4.96E+05,0.0071126,2808,0.17012,0
0.036138,0.0035116,2464,1294,3.04E+05,0.0029023,3668.5,0.085913,1
0.021663,0.002885,2481,2234,3.81E+05,0.0061159,2838,0.077321,0
0.037702,0.0026077,2522,2006,3.98E+05,0.0036487,3135,0.083507,0
0.069856,0.0065633,2537,2009,4.71E+05,0.0096611,2696,0.11801,1
0.044154,0.013523,2443,1341,4.82E+05,0.010814,2282,0.14126,0
0.029283,0.0032325,2516,2344,3.24E+05,0.0069748,2861,0.089251,0
0.040714,0.0067319,2486,2006,4.54E+05,0.006063,3550,0.12387,0
0.039978,0.0061831,2517,1342,3.62E+05,0.0076513,2686,0.10417,0
0.029538,0.023332,2450,1349,4.52E+05,0.010042,2276,0.11196,1
0.063502,0.013919,2251,981,4.63E+05,0.0069927,2420.5,0.11012,1
0.069008,0.0060309,2428,2579,4.76E+05,0.0058322,2939.5,0.12465,1
0.057669,0.0048079,2440,1312,3.92E+05,0.0047883,2947,0.14164,1
0.090071,0.012145,2420,2563,4.94E+05,0.0085385,2905.5,0.16281,1
0.06991,0.0079748,2424,1963,4.73E+05,0.0072546,2584.5,0.11185,1
0.064279,0.0098094,2470,2086,5.37E+05,0.0079403,3232,0.14305,1
0.067098,0.0099065,2455,2064,5.59E+05,0.010045,3069.5,0.15389,1
0.034202,0.0050772,2444,1162,3.09E+05,0.0054932,2815,0.10246,1
0.088074,0.010598,2446,1222,5.39E+05,0.010431,2608.5,0.15275,1
0.047659,0.0052186,2436,2536,4.58E+05,0.0064323,2603,0.11807,1
0.12065,0.027588,2414,2517,4.67E+05,0.012394,3073,0.14694,1
0.033249,0.017959,2430,1336,5.04E+05,0.010344,2610.5,0.13153,1
0.098282,0.012194,2419,2555,4.40E+05,0.013293,2902.5,0.12876,1
0.077748,0.012509,2414,2055,5.35E+05,0.01065,2249.5,0.13069,1
0.088214,0.012697,2446,2121,5.33E+05,0.01128,2915.5,0.15265,1
0.050077,0.0097027,2424,1343,4.73E+05,0.0065675,2589.5,0.14245,1
0.058563,0.0056564,2444,1268,4.92E+05,0.0086137,2908.5,0.12158,1
0.086412,0.02687,2423,1991,5.63E+05,0.01372,2266.5,0.18802,1
0.067461,0.0076838,2434,2145,4.19E+05,0.007102,3414,0.10573,1
0.076774,0.01053,2440,1364,5.30E+05,0.0082191,2299,0.14367,1
0.016869,0.0048508,1912,1381,4.39E+05,0.0044123,3765,0.10399,0
0.016555,0.0035719,2526,1875,3.77E+05,0.0030607,5635,0.083334,0
0.0089453,0.0052656,2050,1261,3.62E+05,0.0057854,3648,0.081268,0
0.021256,0.0021182,2052,2197,3.62E+05,0.0057348,3673.5,0.089354,0
0.019709,0.0042703,2564,139,3.74E+05,0.0054701,2750.5,0.077755,0
0.011567,0.0040064,2559,2194,3.51E+05,0.0039326,3796,0.097313,0
0.008704,0.004342,2036,1307,3.33E+05,0.0041432,3875.5,0.067357,0
0.014762,0.0026097,2567,3597,3.42E+05,0.0036519,3750,0.067993,0
0.013079,0.0022552,2516,3360,3.62E+05,0.0039925,3673.5,0.084746,0
0.013975,0.0055738,1800,1293,3.59E+05,0.0072252,2742,0.075806,0
0.0083645,0.01191,2120,1347,2.74E+05,0.005814,2298.5,0.055496,0
0.01052,0.003866,2560,526,3.23E+05,0.0036053,3162.5,0.063058,0
0.014837,0.0034104,2509,146,2.79E+05,0.0057011,2677,0.048102,0
0.018007,0.0037714,2549,539,3.72E+05,0.0056536,2939,0.074731,0
0.012703,0.0034493,2456,1345,3.47E+05,0.0046495,3650,0.073471,0
0.0072201,0.0048475,969,1377,2.38E+05,0.0039189,3684,0.041345,0
0.023674,0.0037211,2513,701,3.68E+05,0.0095483,2348.5,0.063743,0
0.020318,0.0040649,2566,2188,3.56E+05,0.0053747,3702.5,0.079966,0
0.021263,0.0029071,2561,3595,3.56E+05,0.0060672,3318.5,0.077076,0
0.024751,0.0034853,2549,1863,4.30E+05,0.0057213,2732,0.097004,0
0.014497,0.0020272,1898,3711,3.63E+05,0.0036631,2793.5,0.060361,0
0.02227,0.0027398,2565,19,2.82E+05,0.0059819,2725.5,0.059793,0
0.024627,0.0030314,2493,1925,3.83E+05,0.0031016,4413.5,0.075398,0
0.011878,0.0022276,2032,3781,2.49E+05,0.0038162,2901,0.03888,0
0.017422,0.0063497,2470,1347,3.72E+05,0.0067057,3658,0.080203,0
0.0074226,0.0047497,2166,1337,3.35E+05,0.0033036,3658,0.063182,0
0.017226,0.0048731,2504,1323,3.83E+05,0.0055647,3663,0.08537,0
0.02191,0.0033323,2565,2174,3.88E+05,0.006576,2728,0.094139,0
0.01883,0.0030578,2543,1270,2.71E+05,0.0058468,2730.5,0.056848,0
0.01325,0.0039024,2554,1287,3.49E+05,0.0046982,3670,0.079678,0
0.0106,0.0026778,2555,2196,2.84E+05,0.0025977,5002,0.049206,0
0.0065156,0.0086955,2490,1371,3.58E+05,0.0037206,5150.5,0.089817,0
0.023611,0.0038138,2470,1364,3.79E+05,0.0058233,2653.5,0.068975,0
0.0092041,0.0050804,1641,1353,3.23E+05,0.0029353,3836,0.067435,0
0.021906,0.0037588,2566,2219,3.84E+05,0.002935,3137.5,0.085283,0
0.023555,0.0063022,2472,1707,3.45E+05,0.0063795,3839,0.085026,0
0.0092339,0.0023814,2011,3669,3.04E+05,0.0025823,3698,0.067991,0
0.009016,0.0030059,2517,1358,3.06E+05,0.0024546,5175,0.052062,0
0.0063905,0.0035803,2017,3665,3.25E+05,0.0033128,3713,0.071118,0
0.0089641,0.0095745,2524,1347,1.08E+05,0.0035333,5112,0.013994,0
0.012169,0.003225,1914,3793,3.31E+05,0.0038385,3408,0.078017,0
0.014607,0.0033408,2021,2245,3.68E+05,0.0047902,3842.5,0.079195,0
0.01002,0.0028455,2033,3756,3.42E+05,0.0031514,3488,0.081892,0
0.024275,0.0059511,2466,1365,3.62E+05,0.0051442,2310,0.087554,0
0.010788,0.0073947,2175,1383,3.90E+05,0.0041031,3093,0.089625,0
0.0076823,0.0041054,2059,1346,3.72E+05,0.0024646,4626.5,0.076675,0
0.014142,0.0027962,2561,2231,3.55E+05,0.0044832,2743.5,0.077117,0
0.023372,0.0034394,2572,3644,3.58E+05,0.0034033,4068.5,0.072326,0
0.020176,0.002308,2575,2267,2.47E+05,0.0052602,3894,0.04539,0
0.0089355,0.0041722,2551,1326,2.51E+05,0.0044186,3688,0.036581,0
0.01273,0.0029241,2493,1161,3.59E+05,0.0036506,2865,0.080866,0
0.022174,0.0016278,2530,2396,2.54E+05,0.0051469,3636.5,0.042691,0
0.029131,0.0026906,2487,1965,4.13E+05,0.0023322,3091,0.097264,0
0.014978,0.0041924,2176,1362,3.48E+05,0.0056895,2334,0.070181,0
0.015947,0.0024661,2579,1976,3.58E+05,0.0024469,4045.5,0.10301,0
0.013076,0.0015313,2177,3299,2.35E+05,0.0029916,3602.5,0.033705,0
0.0164,0.0080728,2549,1289,4.17E+05,0.0058108,3832.5,0.094263,0
0.022997,0.0059749,2522,1730,3.74E+05,0.0043178,3086.5,0.088478,0
0.02324,0.0024588,2572,2229,3.02E+05,0.0025866,3120,0.080248,0
0.025882,0.0026589,2580,565,3.04E+05,0.0027041,3127.5,0.056221,0
0.016655,0.0016161,2357,1454,3.89E+05,0.0018058,2961,0.09137,0
0.0079248,0.00079834,2462,3626,2.78E+05,0.0013567,2799.5,0.054399,0
0.042431,0.0028086,2474,1182,2.84E+05,0.0058798,2620.5,0.06879,0
0.022584,0.0061169,2469,1461,4.15E+05,0.0058817,2633.5,0.070026,0
0.024233,0.002445,2479,1439,2.76E+05,0.0021896,3742.5,0.061876,0
0.026834,0.0020086,2444,2256,3.97E+05,0.0040243,2600.5,0.092991,0
0.022112,0.0071252,2475,1275,3.80E+05,0.0062785,2622.5,0.067077,0
0.034642,0.0023365,2422,2213,2.94E+05,0.0043394,2568,0.084543,0
0.028307,0.0064853,2487,1233,2.97E+05,0.0056856,2644,0.061773,0
0.028866,0.0051551,2502,1198,3.59E+05,0.0073284,2358,0.062963,0
0.022111,0.00097389,2488,2313,2.63E+05,0.0056418,2331.5,0.035635,0
0.024733,0.0038542,2482,1223,2.94E+05,0.0044481,2642,0.049069,0
0.029317,0.006014,2448,1308,3.72E+05,0.0048299,2282.5,0.088756,0
0.016051,0.012185,2445,1341,3.71E+05,0.0039796,2582,0.076463,0
0.027606,0.0023408,2440,1269,3.68E+05,0.0040274,3604,0.083953,0
0.031424,0.0010652,2431,1692,3.52E+05,0.0031256,2270.5,0.06146,0
0.025704,0.0043383,2444,1319,3.87E+05,0.0041251,2279.5,0.083483,0
0.032002,0.0051017,2465,1257,2.79E+05,0.0049102,3778,0.05546,0
0.035655,0.0032021,2457,1225,3.29E+05,0.0047143,2614,0.072857,0
0.024723,0.0040538,2475,1188,3.46E+05,0.0038891,2640.5,0.09591,0
0.011436,0.0012235,2378,2135,3.05E+05,0.0011374,2967.5,0.042282,0
0.019607,0.010032,2445,1317,2.73E+05,0.0052539,3792,0.053421,0
0.022755,0.001871,2447,1543,3.24E+05,0.0014639,3019,0.052639,0
0.030954,0.0060509,2425,1259,4.34E+05,0.0057172,2915,0.082882,0
0.024153,0.0010015,2448,2241,3.73E+05,0.0010282,3030.5,0.083654,0
0.031338,0.0019718,2429,1987,2.62E+05,0.0046615,2950.5,0.046425,0
0.028,0.0040495,2440,1696,3.59E+05,0.0040217,3715.5,0.07665,0
0.025988,0.0063753,2425,1224,4.07E+05,0.0046787,4050,0.10284,0
0.026264,0.00061716,2492,2244,3.56E+05,0.0030553,2667.5,0.074252,0
0.026799,0.0036094,2407,2239,3.89E+05,0.0055109,3538.5,0.083247,0
0.022314,0.001589,2487,1187,3.02E+05,0.0030982,2848,0.06702,0
0.022005,0.0010982,2481,2080,2.54E+05,0.0020954,2647,0.038508,0
0.0208,0.00098044,2471,1594,2.71E+05,0.002686,2635,0.044514,0
0.033209,0.0078039,2454,1256,4.30E+05,0.004767,3764,0.080089,0
0.03884,0.0054637,2432,1430,2.77E+05,0.0056029,2273,0.049918,0
0.029418,0.0029673,2486,1453,3.62E+05,0.0038665,2651.5,0.078064,0
0.029155,0.0025788,2424,10,3.03E+05,0.0039839,2831,0.05911,0
0.027801,0.0041014,2448,1185,4.43E+05,0.0052912,2613.5,0.11491,0
0.032459,0.0034186,2486,2261,3.41E+05,0.0047088,2653.5,0.095528,0
0.029052,0.0014005,2515,1210,2.77E+05,0.00214,3766.5,0.056798,0
0.015161,0.0016147,2344,2164,3.98E+05,0.0015514,3745.5,0.075779,0
0.027924,0.0031058,2465,1608,2.64E+05,0.0023822,4032.5,0.069104,0
0.023162,0.0061989,2482,1224,3.39E+05,0.0032392,3767,0.056622,0
0.022216,0.001109,2439,1272,2.81E+05,0.0023331,2277,0.064945,0
0.040506,0.0021531,2398,1232,3.91E+05,0.0056414,2538.5,0.085175,0
0.028125,0.0014181,2485,1390,3.18E+05,0.0013827,3846.5,0.05676,0
0.029659,0.0025943,2421,2375,2.53E+05,0.0022376,4174.5,0.051622,0
0.026523,0.0018469,2473,2264,2.49E+05,0.0017162,3049,0.055655,0
0.029542,0.0012675,2484,2300,3.15E+05,0.00089568,4221,0.045315,0
0.020972,0.013447,2459,1307,4.15E+05,0.0080061,2618,0.10075,0
0.020194,0.0010739,2468,2280,3.30E+05,0.0022918,3048.5,0.059822,0
0.027761,0.0015261,2416,1566,2.34E+05,0.001335,3018.5,0.041852,0
0.030476,0.003608,2433,2363,3.73E+05,0.0046934,2603.5,0.070861,0
0.031024,0.0017861,2433,1695,2.46E+05,0.0065028,2268,0.034717,0
0.033186,0.0029946,2479,1112,3.36E+05,0.0027879,3069.5,0.057372,0
0.036815,0.0012497,2427,1702,2.98E+05,0.0070496,2262.5,0.077988,0
0.017485,0.0015656,2425,2334,3.09E+05,0.0021519,2700.5,0.051044,0
0.028791,0.0029765,2451,2362,3.95E+05,0.002292,3037.5,0.087323,0
0.015984,0.0010269,2480,3281,2.62E+05,0.0017675,2855.5,0.045893,0
0.031818,0.0013592,2476,1609,3.13E+05,0.0012933,3045.5,0.043354,0
